{
  "images" : [
    {
      "idiom" : "iphone",
      "filename" : "144_1x.png",
      "scale" : "1x"
    },
    {
      "idiom" : "iphone",
      "filename" : "144_2x.png",
      "scale" : "2x"
    },
    {
      "idiom" : "iphone",
      "filename" : "144_3x.png",
      "scale" : "3x"
    },
    {
      "idiom" : "ipad",
      "filename" : "192_1x.png",
      "scale" : "1x"
    },
    {
      "idiom" : "ipad",
      "filename" : "192_2x.png",
      "scale" : "2x"
    }
  ],
  "info" : {
    "version" : 1,
    "author" : "xcode"
  }
}