{
  "images" : [
    {
      "idiom" : "universal",
      "filename" : "ic_logout_black_1x_ios_24dp.png",
      "scale" : "1x"
    },
    {
      "idiom" : "universal",
      "filename" : "ic_logout_black_2x_ios_24dp.png",
      "scale" : "2x"
    },
    {
      "idiom" : "universal",
      "filename" : "ic_logout_black_3x_ios_24dp.png",
      "scale" : "3x"
    }
  ],
  "info" : {
    "version" : 1,
    "author" : "xcode"
  },
  "properties" : {
    "template-rendering-intent" : "template"
  }
}