{
  "images" : [
    {
      "idiom" : "iphone",
      "filename" : "googlelogo_dark20_color_132x44pt_1x.png",
      "scale" : "1x"
    },
    {
      "idiom" : "iphone",
      "filename" : "googlelogo_dark20_color_132x44pt_2x.png",
      "scale" : "2x"
    },
    {
      "idiom" : "iphone",
      "filename" : "googlelogo_dark20_color_132x44pt_3x.png",
      "scale" : "3x"
    },
    {
      "idiom" : "ipad",
      "filename" : "googlelogo_dark20_color_184x60pt_1x.png",
      "scale" : "1x"
    },
    {
      "idiom" : "ipad",
      "filename" : "googlelogo_dark20_color_184x60pt_2x.png",
      "scale" : "2x"
    }
  ],
  "info" : {
    "version" : 1,
    "author" : "xcode"
  }
}